aggr5_0,aggr5_10_multiple,aggr5_10_single,aggr5_15_multiple,aggr5_15_single,aggr5_20_multiple,aggr5_20_single,aggr5_5_multiple,aggr5_5_single,aggr5_augmented,aggr7_0,aggr7_10_multiple,aggr7_10_single,aggr7_15_multiple,aggr7_15_single,aggr7_20_multiple,aggr7_20_single,aggr7_5_multiple,aggr7_5_single
0.64,0.64,0.773,0.76,0.66,0.76,0.66,0.64,0.773,0.605,0.437,0.55,0.0,0.0,0.0,0.0,0.0,0.55,0.0
0.54,0.513,0.0,0.538,0.66,0.655,0.737,0.625,0.0,0.575,0.459,0.649,0.672,0.294,0.54,0.294,0.54,0.525,0.538
0.658,0.575,0.703,0.0,0.645,0.547,0.64,0.559,0.703,0.612,0.0,0.503,0.672,0.639,0.527,0.535,0.0,0.531,0.396
0.58,0.505,0.63,0.605,0.74,0.68,0.682,0.593,0.737,0.63,0.672,0.667,0.737,0.753,0.584,0.416,0.649,0.672,0.715
0.737,0.0,0.608,0.715,0.74,0.703,0.773,0.672,0.584,0.68,0.63,0.0,0.584,0.406,0.459,0.612,0.396,0.55,0.773
0.703,0.605,0.745,0.655,0.703,0.667,0.763,0.605,0.745,0.459,0.655,0.66,0.593,0.538,0.538,0.333,0.575,0.773,0.649
0.459,0.48,0.566,0.655,0.605,0.392,0.773,0.0,0.505,0.0,0.419,0.505,0.635,0.0,0.367,0.64,0.58,0.682,0.755
0.367,0.54,0.703,0.505,0.538,0.705,0.0,0.294,0.566,0.0,0.584,0.48,0.593,0.559,0.0,0.0,0.491,0.541,0.505
0.645,0.773,0.525,0.737,0.505,0.672,0.612,0.672,0.396,0.703,0.55,0.543,0.544,0.372,0.396,0.547,0.445,0.538,0.333
0.584,0.575,0.0,0.396,0.396,0.667,0.513,0.63,0.575,0.63,0.64,0.559,0.555,0.505,0.74,0.416,0.367,0.63,0.445
0.64,0.41,0.62,0.392,0.535,0.595,0.575,0.348,0.416,0.505,0.55,0.672,0.0,0.367,0.387,0.48,0.406,0.584,0.649
0.605,0.757,0.672,0.66,0.655,0.683,0.672,0.672,0.505,0.672,0.64,0.0,0.0,0.559,0.773,0.575,0.575,0.737,0.682
0.396,0.515,0.313,0.649,0.607,0.55,0.0,0.455,0.333,0.595,0.605,0.557,0.416,0.703,0.288,0.649,0.0,0.387,0.333
0.525,0.55,0.392,0.705,0.54,0.703,0.406,0.525,0.44,0.505,0.0,0.63,0.505,0.396,0.566,0.406,0.505,0.672,0.387
0.7,0.593,0.445,0.658,0.542,0.474,0.531,0.605,0.522,0.0,0.575,0.672,0.693,0.605,0.612,0.639,0.612,0.557,0.41
0.773,0.649,0.773,0.685,0.649,0.74,0.773,0.757,0.645,0.773,0.593,0.64,0.737,0.693,0.667,0.0,0.76,0.612,0.6
0.437,0.544,0.52,0.63,0.0,0.0,0.559,0.527,0.625,0.559,0.294,0.0,0.0,0.352,0.416,0.0,0.0,0.0,0.396
0.584,0.0,0.55,0.66,0.0,0.584,0.64,0.54,0.727,0.655,0.672,0.605,0.559,0.541,0.649,0.0,0.0,0.639,0.667
0.705,0.0,0.753,0.737,0.0,0.713,0.635,0.667,0.396,0.0,0.575,0.66,0.459,0.737,0.396,0.513,0.505,0.48,0.575
0.66,0.294,0.0,0.655,0.54,0.655,0.6,0.0,0.58,0.575,0.333,0.313,0.416,0.538,0.0,0.406,0.525,0.525,0.406
0.575,0.505,0.333,0.605,0.0,0.406,0.66,0.406,0.294,0.655,0.525,0.455,0.655,0.0,0.505,0.406,0.333,0.0,0.0
0.7,0.367,0.649,0.333,0.41,0.392,0.54,0.491,0.333,0.525,0.658,0.406,0.625,0.313,0.505,0.0,0.54,0.392,0.0
0.406,0.559,0.639,0.66,0.598,0.773,0.649,0.584,0.0,0.538,0.625,0.505,0.0,0.406,0.672,0.41,0.396,0.682,0.333
0.0,0.605,0.559,0.649,0.703,0.0,0.0,0.703,0.0,0.66,0.655,0.55,0.54,0.575,0.703,0.48,0.605,0.52,0.52
0.703,0.658,0.605,0.593,0.392,0.0,0.672,0.459,0.575,0.575,0.333,0.428,0.612,0.649,0.575,0.64,0.66,0.74,0.54
0.225,0.0,0.557,0.58,0.0,0.63,0.333,0.294,0.229,0.584,0.605,0.5,0.396,0.294,0.406,0.64,0.333,0.419,0.593
0.333,0.225,0.333,0.333,0.396,0.0,0.0,0.41,0.64,0.505,0.55,0.333,0.295,0.525,0.0,0.0,0.703,0.672,0.445
0.605,0.333,0.425,0.313,0.387,0.527,0.0,0.406,0.55,0.445,0.459,0.559,0.605,0.0,0.459,0.593,0.225,0.0,0.0
0.505,0.416,0.396,0.505,0.525,0.737,0.0,0.392,0.406,0.593,0.333,0.0,0.541,0.0,0.0,0.491,0.575,0.0,0.333
0.406,0.0,0.527,0.445,0.54,0.41,0.225,0.0,0.338,0.575,0.557,0.0,0.0,0.406,0.333,0.672,0.645,0.55,0.387
0.0,0.0,0.333,0.416,0.625,0.0,0.333,0.0,0.445,0.605,0.459,0.41,0.505,0.0,0.294,0.0,0.5,0.491,0.48
0.333,0.295,0.0,0.396,0.584,0.406,0.559,0.0,0.333,0.54,0.396,0.406,0.655,0.465,0.416,0.605,0.406,0.0,0.333
0.605,0.445,0.66,0.593,0.6,0.392,0.465,0.474,0.584,0.333,0.333,0.0,0.459,0.0,0.392,0.515,0.0,0.333,0.561
0.406,0.333,0.406,0.737,0.333,0.392,0.406,0.0,0.0,0.58,0.333,0.406,0.0,0.295,0.333,0.42,0.333,0.333,0.459
0.406,0.333,0.333,0.0,0.0,0.0,0.547,0.387,0.0,0.0,0.367,0.0,0.0,0.672,0.0,0.462,0.464,0.505,0.333
0.0,0.485,0.0,0.455,0.475,0.0,0.0,0.0,0.0,0.58,0.0,0.313,0.52,0.396,0.0,0.527,0.575,0.0,0.367
0.295,0.445,0.295,0.0,0.525,0.367,0.54,0.54,0.392,0.0,0.593,0.288,0.605,0.0,0.459,0.333,0.612,0.0,0.367
0.703,0.0,0.605,0.387,0.392,0.392,0.64,0.693,0.406,0.392,0.396,0.406,0.566,0.5,0.333,0.605,0.41,0.396,0.745
0.333,0.584,0.0,0.406,0.392,0.406,0.406,0.406,0.0,0.584,0.575,0.538,0.416,0.406,0.333,0.396,0.682,0.392,0.625
0.0,0.396,0.0,0.288,0.0,0.0,0.387,0.0,0.333,0.534,0.333,0.0,0.445,0.392,0.445,0.406,0.473,0.406,0.295
0.655,0.333,0.392,0.406,0.416,0.0,0.392,0.639,0.406,0.333,0.333,0.333,0.416,0.54,0.777,0.0,0.333,0.0,0.655
0.406,0.295,0.295,0.295,0.0,0.0,0.541,0.367,0.288,0.612,0.0,0.0,0.485,0.416,0.0,0.459,0.525,0.559,0.333
0.0,0.0,0.0,0.333,0.0,0.333,0.0,0.425,0.333,0.367,0.0,0.288,0.333,0.544,0.0,0.333,0.58,0.295,0.0
0.0,0.0,0.333,0.557,0.333,0.333,0.0,0.557,0.419,0.505,0.0,0.0,0.333,0.0,0.333,0.0,0.0,0.0,0.333
0.477,0.6,0.64,0.44,0.608,0.392,0.406,0.445,0.41,0.406,0.406,0.525,0.406,0.392,0.392,0.735,0.0,0.76,0.0
0.333,0.387,0.392,0.0,0.382,0.612,0.406,0.333,0.333,0.607,0.406,0.333,0.333,0.54,0.0,0.406,0.333,0.406,0.294
0.387,0.0,0.0,0.0,0.0,0.396,0.225,0.0,0.0,0.605,0.0,0.52,0.0,0.0,0.0,0.0,0.0,0.0,0.474
0.392,0.387,0.58,0.437,0.0,0.392,0.333,0.0,0.406,0.0,0.491,0.531,0.525,0.682,0.503,0.5,0.505,0.294,0.406
0.416,0.416,0.406,0.333,0.367,0.406,0.333,0.0,0.333,0.294,0.0,0.58,0.0,0.333,0.541,0.4,0.333,0.605,0.445
0.333,0.392,0.485,0.333,0.68,0.658,0.333,0.392,0.406,0.416,0.295,0.387,0.575,0.514,0.655,0.367,0.333,0.406,0.333
0.0,0.605,0.445,0.0,0.52,0.0,0.0,0.0,0.703,0.392,0.737,0.58,0.491,0.66,0.45,0.0,0.0,0.0,0.575
0.445,0.0,0.575,0.0,0.0,0.0,0.0,0.505,0.64,0.705,0.595,0.0,0.0,0.605,0.0,0.0,0.0,0.459,0.76
0.541,0.0,0.0,0.0,0.406,0.0,0.0,0.459,0.0,0.0,0.0,0.333,0.52,0.0,0.713,0.0,0.0,0.406,0.672
0.605,0.0,0.406,0.0,0.0,0.0,0.0,0.0,0.445,0.367,0.52,0.593,0.367,0.333,0.575,0.0,0.0,0.333,0.416
0.0,0.0,0.54,0.645,0.0,0.0,0.703,0.0,0.459,0.703,0.0,0.705,0.0,0.0,0.0,0.0,0.0,0.396,0.48
0.0,0.559,0.66,0.509,0.0,0.0,0.0,0.0,0.387,0.682,0.0,0.0,0.555,0.0,0.0,0.0,0.406,0.0,0.0
0.0,0.0,0.703,0.392,0.645,0.392,0.387,0.0,0.459,0.605,0.0,0.0,0.0,0.0,0.0,0.0,0.416,0.333,0.522
0.64,0.0,0.575,0.612,0.445,0.595,0.0,0.598,0.737,0.0,0.0,0.547,0.607,0.0,0.612,0.0,0.0,0.64,0.0
0.575,0.773,0.559,0.0,0.0,0.0,0.5,0.5,0.0,0.541,0.0,0.0,0.0,0.0,0.0,0.0,0.555,0.0,0.513
0.406,0.575,0.0,0.392,0.406,0.575,0.0,0.406,0.0,0.0,0.541,0.0,0.66,0.705,0.0,0.639,0.406,0.64,0.406
0.7,0.0,0.0,0.0,0.459,0.0,0.6,0.5,0.672,0.584,0.0,0.0,0.0,0.406,0.559,0.0,0.0,0.0,0.0
0.0,0.555,0.0,0.64,0.0,0.0,0.0,0.595,0.0,0.803,0.64,0.547,0.477,0.0,0.737,0.672,0.672,0.66,0.64
0.0,0.64,0.392,0.348,0.406,0.0,0.0,0.525,0.0,0.0,0.522,0.0,0.0,0.0,0.63,0.0,0.0,0.392,0.0
0.0,0.0,0.0,0.0,0.0,0.773,0.593,0.0,0.445,0.445,0.0,0.0,0.645,0.58,0.0,0.598,0.0,0.419,0.0
0.598,0.392,0.6,0.605,0.559,0.5,0.465,0.392,0.693,0.0,0.6,0.0,0.0,0.367,0.58,0.763,0.425,0.0,0.607
0.0,0.0,0.0,0.655,0.58,0.0,0.0,0.575,0.0,0.406,0.406,0.525,0.392,0.0,0.0,0.559,0.655,0.5,0.406
0.0,0.406,0.459,0.0,0.773,0.294,0.0,0.584,0.773,0.0,0.459,0.0,0.503,0.0,0.703,0.64,0.0,0.0,0.41
0.0,0.0,0.635,0.0,0.0,0.0,0.555,0.64,0.538,0.416,0.0,0.0,0.575,0.64,0.555,0.406,0.66,0.0,0.0
0.63,0.66,0.525,0.595,0.0,0.0,0.0,0.0,0.0,0.0,0.333,0.0,0.0,0.0,0.0,0.505,0.0,0.0,0.58
0.333,0.333,0.333,0.0,0.0,0.0,0.64,0.406,0.0,0.584,0.522,0.5,0.445,0.0,0.406,0.593,0.0,0.612,0.0
0.0,0.485,0.0,0.0,0.682,0.41,0.0,0.612,0.0,0.703,0.0,0.68,0.48,0.0,0.445,0.672,0.52,0.0,0.0
0.445,0.0,0.598,0.0,0.5,0.0,0.55,0.477,0.737,0.48,0.0,0.0,0.541,0.0,0.0,0.0,0.367,0.0,0.0
0.682,0.0,0.406,0.0,0.0,0.0,0.555,0.605,0.64,0.406,0.0,0.0,0.0,0.445,0.6,0.0,0.0,0.445,0.58
0.608,0.396,0.445,0.0,0.0,0.445,0.0,0.0,0.655,0.0,0.0,0.64,0.0,0.0,0.0,0.559,0.0,0.575,0.387
0.48,0.0,0.392,0.737,0.406,0.0,0.555,0.0,0.0,0.445,0.396,0.0,0.64,0.682,0.535,0.0,0.0,0.416,0.0
0.406,0.392,0.387,0.406,0.392,0.406,0.0,0.323,0.0,0.392,0.333,0.0,0.0,0.41,0.0,0.352,0.0,0.0,0.406
0.48,0.55,0.333,0.387,0.333,0.392,0.406,0.0,0.0,0.0,0.0,0.0,0.0,0.0,0.406,0.0,0.68,0.333,0.459
0.0,0.0,0.0,0.406,0.0,0.0,0.406,0.0,0.0,0.367,0.0,0.0,0.0,0.295,0.0,0.225,0.0,0.0,0.367
0.0,0.396,0.41,0.333,0.0,0.645,0.0,0.0,0.0,0.0,0.333,0.0,0.0,0.0,0.0,0.406,0.512,0.387,0.0
0.406,0.406,0.445,0.0,0.0,0.0,0.505,0.392,0.406,0.333,0.0,0.0,0.0,0.406,0.0,0.0,0.0,0.0,0.0
0.0,0.0,0.406,0.0,0.5,0.703,0.406,0.0,0.0,0.333,0.392,0.0,0.387,0.0,0.392,0.0,0.406,0.0,0.608
0.41,0.0,0.445,0.41,0.0,0.367,0.0,0.387,0.0,0.0,0.0,0.0,0.0,0.0,0.367,0.0,0.0,0.0,0.0
0.445,0.387,0.0,0.0,0.0,0.333,0.0,0.0,0.0,0.406,0.0,0.0,0.0,0.0,0.0,0.406,0.0,0.0,0.406
0.0,0.639,0.0,0.333,0.0,0.333,0.0,0.459,0.655,0.406,0.52,0.406,0.295,0.66,0.387,0.0,0.0,0.0,0.547
0.703,0.54,0.0,0.0,0.392,0.0,0.0,0.773,0.48,0.333,0.406,0.0,0.0,0.575,0.387,0.0,0.0,0.387,0.406
0.0,0.584,0.0,0.68,0.333,0.0,0.557,0.63,0.0,0.0,0.0,0.0,0.0,0.66,0.672,0.0,0.0,0.0,0.0
0.0,0.387,0.0,0.333,0.0,0.0,0.406,0.0,0.406,0.0,0.0,0.0,0.649,0.225,0.294,0.0,0.0,0.333,0.0
0.333,0.0,0.0,0.0,0.333,0.441,0.0,0.0,0.406,0.0,0.0,0.333,0.333,0.0,0.0,0.333,0.0,0.406,0.0
0.406,0.0,0.392,0.655,0.333,0.392,0.0,0.392,0.392,0.333,0.0,0.0,0.0,0.0,0.52,0.0,0.0,0.0,0.0
0.0,0.0,0.406,0.0,0.52,0.0,0.68,0.0,0.459,0.559,0.0,0.605,0.0,0.392,0.465,0.568,0.58,0.0,0.703
0.0,0.705,0.406,0.0,0.0,0.0,0.333,0.0,0.406,0.0,0.367,0.406,0.333,0.618,0.0,0.0,0.531,0.0,0.406
0.0,0.0,0.0,0.333,0.0,0.396,0.0,0.0,0.0,0.0,0.0,0.406,0.0,0.0,0.645,0.0,0.0,0.0,0.0
0.445,0.0,0.0,0.392,0.68,0.559,0.0,0.0,0.0,0.0,0.406,0.0,0.387,0.445,0.0,0.0,0.0,0.0,0.54
0.0,0.387,0.0,0.406,0.575,0.0,0.0,0.367,0.406,0.0,0.0,0.0,0.0,0.0,0.0,0.0,0.0,0.56,0.0
0.333,0.545,0.672,0.0,0.5,0.0,0.392,0.0,0.0,0.58,0.367,0.0,0.406,0.0,0.0,0.333,0.0,0.406,0.0
0.392,0.0,0.0,0.503,0.535,0.0,0.55,0.0,0.392,0.392,0.542,0.485,0.531,0.0,0.0,0.0,0.416,0.0,0.542
0.58,0.41,0.0,0.392,0.757,0.387,0.294,0.595,0.74,0.333,0.0,0.0,0.0,0.491,0.0,0.64,0.0,0.0,0.0
0.0,0.333,0.54,0.543,0.0,0.295,0.0,0.333,0.547,0.313,0.0,0.593,0.0,0.0,0.416,0.0,0.0,0.0,0.406
0.0,0.333,0.455,0.0,0.0,0.0,0.505,0.0,0.459,0.0,0.455,0.0,0.0,0.0,0.367,0.505,0.593,0.0,0.0
0.387,0.503,0.392,0.406,0.0,0.432,0.0,0.56,0.294,0.406,0.682,0.0,0.333,0.485,0.713,0.0,0.0,0.313,0.0
0.428,0.0,0.0,0.0,0.0,0.333,0.522,0.295,0.0,0.392,0.0,0.367,0.445,0.406,0.0,0.491,0.0,0.538,0.505
0.0,0.367,0.0,0.0,0.655,0.0,0.0,0.392,0.0,0.525,0.0,0.0,0.0,0.541,0.505,0.0,0.0,0.0,0.0
0.367,0.58,0.445,0.0,0.396,0.0,0.0,0.0,0.333,0.0,0.459,0.0,0.0,0.0,0.0,0.0,0.406,0.367,0.0
0.0,0.0,0.0,0.0,0.0,0.0,0.0,0.0,0.0,0.0,0.649,0.0,0.0,0.0,0.0,0.0,0.0,0.333,0.333
0.0,0.0,0.387,0.387,0.593,0.0,0.0,0.333,0.0,0.605,0.0,0.605,0.416,0.0,0.0,0.465,0.0,0.0,0.0
0.295,0.459,0.0,0.367,0.608,0.406,0.387,0.333,0.584,0.0,0.367,0.406,0.437,0.56,0.64,0.0,0.529,0.0,0.455
0.0,0.416,0.392,0.0,0.0,0.367,0.0,0.575,0.0,0.0,0.0,0.0,0.0,0.0,0.0,0.0,0.0,0.0,0.0
0.0,0.0,0.0,0.538,0.6,0.48,0.48,0.605,0.0,0.445,0.0,0.313,0.295,0.525,0.367,0.559,0.0,0.367,0.0
0.41,0.459,0.0,0.41,0.54,0.0,0.392,0.0,0.0,0.0,0.406,0.0,0.0,0.0,0.0,0.705,0.392,0.0,0.0
0.575,0.294,0.392,0.773,0.0,0.0,0.703,0.0,0.392,0.333,0.5,0.0,0.0,0.612,0.672,0.66,0.0,0.0,0.0
0.396,0.396,0.0,0.64,0.0,0.333,0.392,0.0,0.0,0.0,0.605,0.513,0.525,0.0,0.0,0.0,0.396,0.0,0.505
0.406,0.0,0.406,0.529,0.406,0.0,0.48,0.0,0.387,0.445,0.0,0.0,0.575,0.0,0.0,0.0,0.0,0.0,0.0
0.66,0.0,0.0,0.541,0.445,0.0,0.575,0.406,0.0,0.74,0.639,0.0,0.48,0.0,0.0,0.64,0.0,0.0,0.0
0.0,0.406,0.0,0.387,0.0,0.0,0.584,0.0,0.0,0.0,0.0,0.387,0.612,0.348,0.0,0.333,0.294,0.0,0.0
0.0,0.0,0.0,0.0,0.0,0.0,0.544,0.387,0.54,0.655,0.667,0.0,0.593,0.0,0.0,0.612,0.0,0.416,0.0
0.505,0.367,0.68,0.333,0.445,0.0,0.295,0.428,0.392,0.392,0.406,0.0,0.387,0.455,0.0,0.0,0.0,0.649,0.323
0.52,0.441,0.525,0.333,0.0,0.367,0.41,0.416,0.0,0.396,0.525,0.0,0.0,0.0,0.0,0.225,0.367,0.294,0.0
0.333,0.55,0.0,0.675,0.0,0.682,0.0,0.445,0.0,0.703,0.0,0.773,0.0,0.474,0.0,0.0,0.0,0.538,0.612
0.333,0.0,0.445,0.367,0.505,0.0,0.392,0.333,0.0,0.425,0.0,0.416,0.605,0.0,0.682,0.416,0.0,0.459,0.575
0.392,0.54,0.406,0.63,0.387,0.0,0.0,0.0,0.0,0.52,0.0,0.605,0.0,0.406,0.0,0.0,0.0,0.48,0.0
0.0,0.416,0.416,0.0,0.0,0.0,0.44,0.593,0.0,0.5,0.645,0.416,0.0,0.0,0.0,0.0,0.0,0.0,0.525
0.513,0.387,0.0,0.0,0.367,0.0,0.367,0.54,0.333,0.541,0.0,0.474,0.538,0.0,0.0,0.396,0.0,0.0,0.396
0.56,0.0,0.0,0.0,0.0,0.0,0.387,0.598,0.0,0.425,0.605,0.0,0.406,0.406,0.367,0.0,0.0,0.0,0.575
0.333,0.0,0.392,0.545,0.72,0.0,0.0,0.58,0.0,0.0,0.0,0.0,0.0,0.459,0.605,0.0,0.64,0.0,0.0
0.0,0.0,0.0,0.0,0.333,0.0,0.524,0.0,0.406,0.406,0.0,0.0,0.0,0.387,0.0,0.0,0.0,0.0,0.0
0.0,0.406,0.0,0.0,0.0,0.0,0.295,0.0,0.406,0.0,0.0,0.0,0.584,0.0,0.333,0.0,0.58,0.505,0.0
0.0,0.445,0.445,0.538,0.387,0.0,0.387,0.313,0.406,0.505,0.605,0.645,0.0,0.0,0.0,0.294,0.392,0.0,0.52
0.425,0.0,0.333,0.538,0.333,0.0,0.396,0.682,0.416,0.333,0.0,0.682,0.485,0.682,0.0,0.0,0.406,0.525,0.0
0.367,0.0,0.0,0.406,0.0,0.0,0.294,0.352,0.0,0.0,0.294,0.58,0.406,0.0,0.672,0.0,0.66,0.406,0.352
0.645,0.333,0.392,0.392,0.392,0.392,0.333,0.314,0.392,0.0,0.0,0.0,0.406,0.0,0.333,0.0,0.406,0.66,0.54
0.0,0.56,0.0,0.682,0.0,0.387,0.0,0.0,0.0,0.522,0.0,0.313,0.0,0.333,0.605,0.0,0.0,0.367,0.0
0.505,0.0,0.0,0.477,0.593,0.682,0.445,0.333,0.0,0.655,0.0,0.0,0.0,0.406,0.0,0.0,0.0,0.605,0.0
0.225,0.559,0.333,0.0,0.0,0.406,0.0,0.64,0.0,0.0,0.0,0.557,0.387,0.0,0.0,0.0,0.416,0.491,0.333
0.672,0.0,0.0,0.5,0.367,0.584,0.0,0.0,0.0,0.0,0.0,0.225,0.333,0.491,0.0,0.0,0.672,0.0,0.48
0.406,0.0,0.532,0.392,0.0,0.406,0.406,0.367,0.416,0.406,0.0,0.593,0.0,0.0,0.0,0.0,0.333,0.0,0.0
0.48,0.406,0.0,0.0,0.445,0.333,0.455,0.445,0.0,0.392,0.0,0.645,0.505,0.0,0.0,0.0,0.0,0.593,0.0
0.333,0.0,0.459,0.392,0.0,0.0,0.0,0.515,0.703,0.367,0.0,0.0,0.0,0.0,0.0,0.491,0.559,0.0,0.0
